{
  "project_info": {
    "project_number": "1097497613279",
    "firebase_url": "https://smart-air-429e9-default-rtdb.firebaseio.com",
    "project_id": "smart-air-429e9",
    "storage_bucket": "smart-air-429e9.firebasestorage.app"
  },
  "client": [
    {
      "client_info": {
        "mobilesdk_app_id": "1:1097497613279:android:8fab1b3a9374320e896a6a",
        "android_client_info": {
          "package_name": "com.example.smart_air"
        }
      },
      "oauth_client": [],
      "api_key": [
        {
          "current_key": "AIzaSyCqfynTIyYL-hV7gdcQaSGZnxHtaEROM84"
        }
      ],
      "services": {
        "appinvite_service": {
          "other_platform_oauth_client": []
        }
      }
    }
  ],
  "configuration_version": "1"
}